Step,N,i,Condition (scanf() != 1),Condition (N <= 0),Condition (i < N),Output,Notes
1,?,?,,,,"Program starts"
2,3,?,FALSE,,,"scanf reads 3 into N. scanf returns 1, so (1 != 1) is FALSE."
3,3,?,FALSE,FALSE,,,"Evaluate N <= 0 (3 <= 0 is FALSE)"
4,3,0,,,,"Initialize i = 0 for the loop."
5,3,0,,,"0 < 3 is TRUE",,"Loop condition (i < N)"
6,3,0,,,"0 < 3 is TRUE","Hello Loop!\n","Print message"
7,3,1,,,"0 < 3 is TRUE",,"Increment i (i becomes 1)"
8,3,1,,,"1 < 3 is TRUE",,"Loop condition (i < N)"
9,3,1,,,"1 < 3 is TRUE","Hello Loop!\n","Print message"
10,3,2,,,"1 < 3 is TRUE",,"Increment i (i becomes 2)"
11,3,2,,,"2 < 3 is TRUE",,"Loop condition (i < N)"
12,3,2,,,"2 < 3 is TRUE","Hello Loop!\n","Print message"
13,3,3,,,"2 < 3 is TRUE",,"Increment i (i becomes 3)"
14,3,3,,,"3 < 3 is FALSE",,"Loop condition (i < N). Loop terminates."
15,3,3,,,,,"Program returns 0 (ends)"